Index,UserId,FirstName,LastName,Sex,Email,Phone,DateOfBirth,JobTitle
2,f90cD3E76f1A9b9,Phillip,Summers,Female,bethany14@example.com,214.112.6044x4913,3/24/1910 12:00:00 AM,Phytotherapist
7,bE9EEf34cB72AF7,Katherine,Buck,Female,conniecowan@example.com,+1-773-151-6685x49162,1/22/1989 12:00:00 AM,Intelligence analyst
14,b759b74BD1dE80d,Bridget,Nash,Female,mercedes44@example.com,(216)627-8359,6/28/2004 12:00:00 AM,Social worker
16,50Bb061cB30B461,Thomas,Knight,Female,braunpriscilla@example.net,+1-360-880-0766,2/18/2006 12:00:00 AM,Sport and exercise psychologist
20,88473e15D5c3cD0,Jared,Mitchell,Female,jcortez@example.com,+1-958-849-6781,1/18/1921 12:00:00 AM,Paediatric nurse
22,42F4BdA841aBadC,Colleen,Hatfield,Female,fknox@example.org,638.584.1090,10/14/1949 12:00:00 AM,Commercial horticulturist
24,f1f89173353aD90,Janice,Rhodes,Female,juarezdominique@example.net,001-249-314-9742x6996,11/1/1999 12:00:00 AM,Drilling engineer
25,c5B09fb33e8bA0A,Alfred,Mcneil,Female,cassandramorris@example.com,(468)276-9509x53058,5/28/1993 12:00:00 AM,Systems analyst
28,ddEc50e2A2e3a2B,Brittney,Vega,Female,ayalajose@example.net,945-739-8686,10/31/1932 12:00:00 AM,Recycling officer
31,5d2feAfbdCAA6B5,Isaiah,Camacho,Female,jimblake@example.org,001-536-544-3367,4/7/1966 12:00:00 AM,Food technologist
33,8Ef7DBfcaB02b6B,Bonnie,Andrews,Female,caitlin24@example.net,+1-253-987-2776x9161,12/21/1953 12:00:00 AM,Seismic interpreter
35,3Fb8a7f68e12784,Jackson,Sparks,Female,reynoldsdarryl@example.net,(137)908-3129x65035,11/18/1980 12:00:00 AM,Set designer
39,b6a35de5CB6fc25,Cynthia,Wiggins,Female,rosariodave@example.org,(110)858-2437x70190,1/27/1984 12:00:00 AM,Outdoor activities/education manager
40,e92A191E345fA3A,Tanya,Mckinney,Female,vickihouston@example.com,(830)774-9002x086,3/12/2003 12:00:00 AM,Information systems manager
43,9edBC94aE7cA22a,Willie,Vang,Female,haleymathews@example.net,741.168.6854x067,2/2/1978 12:00:00 AM,Management consultant
44,fFe7BAA737aDbe2,Miguel,Hill,Female,tyrone56@example.org,5247842945,8/26/1930 12:00:00 AM,Make
46,6bFcfc3cc1BC6B4,Haley,Pugh,Female,molly03@example.org,(746)182-6137x2453,9/16/1980 12:00:00 AM,Commissioning editor
51,eA3fDd79BE9f0E7,Heidi,Escobar,Female,staffordtravis@example.net,601-155-3065x1131,9/25/1931 12:00:00 AM,Estate manager/land agent
52,aF0eE4547Bc025c,Brian,Oconnell,Female,saralong@example.net,952-283-1423x733,10/23/1911 12:00:00 AM,Physiotherapist
53,9F5DeD7aD228F5a,Beverly,Esparza,Female,iphelps@example.net,+1-327-578-8754x6771,12/9/1930 12:00:00 AM,Passenger transport manager
54,D3Fa0220dDE4d36,Nathaniel,Rivas,Female,roberto29@example.com,(655)887-2040x37888,11/17/1908 12:00:00 AM,Call centre manager
55,60FdBFd5e7BE8fF,Debra,Payne,Female,yolanda07@example.org,001-731-525-8400x52593,8/20/1927 12:00:00 AM,Special educational needs teacher
56,D8bF5Ab2b98caff,Mackenzie,Rocha,Female,abbottyvette@example.net,4225525458,10/21/1980 12:00:00 AM,Museum/gallery exhibitions officer
57,CD8d33aA25bc8BB,Courtney,Watkins,Female,ochang@example.org,210.683.2761x5883,12/7/2003 12:00:00 AM,Pension scheme manager
58,Fac3BfFf0A3d03c,Fred,Olsen,Female,amyanderson@example.com,497-774-3053,4/10/1910 12:00:00 AM,Archaeologist
59,e552D7ddafe1FFb,Ryan,Nelson,Female,qnorman@example.org,956.330.2951,5/2/1924 12:00:00 AM,Historic buildings inspector/conservation officer
64,5D2cb63CaAF53f6,Leslie,Conway,Female,floreschristina@example.org,795.782.4384x555,11/6/1983 12:00:00 AM,Chiropractor
67,9Df5Ba591bF3EFf,Mike,Ward,Female,imccullough@example.com,116-729-5046,11/9/1967 12:00:00 AM,Hydrologist
73,5bC87340799FBD0,Jean,Ritter,Female,kristina76@example.com,(954)060-1066,8/6/1985 12:00:00 AM,Financial trader
74,dBfA17Aaf16b4ab,Veronica,Briggs,Female,weissbridget@example.com,+1-521-589-2387x48490,6/8/1974 12:00:00 AM,Structural engineer
78,AdEd6cfD85DeC46,Jermaine,Reid,Female,vpaul@example.com,(742)214-8691,8/18/1974 12:00:00 AM,Newspaper journalist
81,12DCb4ED8E01D5C,Tyler,Foley,Female,johnathan72@example.org,001-386-469-3075x8030,9/19/1908 12:00:00 AM,Economist
84,bff9853aFAeF772,Douglas,Reese,Female,nixonvanessa@example.net,001-834-660-8312x9864,11/11/1961 12:00:00 AM,Higher education lecturer
89,3f3a3D89ad042Dd,Harry,Medina,Female,olsenmalik@example.net,+1-451-099-5805,8/24/1947 12:00:00 AM,Technical sales engineer
90,9425E2F38C408ef,Kathy,Haney,Female,teresa37@example.com,(164)105-8456,9/2/1955 12:00:00 AM,Charity fundraiser
91,F0aeC9c2759F3C6,Alison,Nixon,Female,zmiles@example.net,3506680871,7/10/1941 12:00:00 AM,Patent attorney
93,2A33E7Cad1bb0F5,Melody,Cox,Female,evan90@example.org,(626)520-5080x3511,7/30/1974 12:00:00 AM,Dance movement psychotherapist
95,feaBf8dAE0C0d6F,Dillon,Guzman,Female,angelanavarro@example.net,971-992-4521,4/1/1942 12:00:00 AM,Air broker
96,5eFda7caAeB260E,Dennis,Barnes,Female,bmartin@example.org,001-095-524-2112x257,7/30/1954 12:00:00 AM,Software engineer
97,CCbFce93d3720bE,Steve,Patterson,Female,latasha46@example.net,001-865-478-5157,4/29/1932 12:00:00 AM,Barrister
